gene,score,guide_signif,n_downstream,direction,is_hub,known,anchor,highlight
PLCG1,-4.4913006,0.8230757543316886,5032.0,autoimmune(down),True,driver,,
CD247,-3.7479675,0.7143167383001537,4329.0,autoimmune(down),True,driver,,
ITK,-2.4943395,0.5935361125655716,3392.0,autoimmune(down),True,driver,,
PGGT1B,-2.320303,0.6260189845226534,3013.0,autoimmune(down),True,new,,
TAF6L,-1.9259115,0.8352365239846078,4638.0,autoimmune(down),True,new,,
TMX1,-1.9217718,0.7637926364197034,2346.0,autoimmune(down),True,new,,
MED12,-1.6407304,0.7802520572736261,4141.0,autoimmune(down),True,new,,
DOLPP1,-1.5890892,0.8550001070738288,2717.0,autoimmune(down),True,new,,
CD28,-1.5061929,0.8682036693211379,1505.0,autoimmune(down),False,new,CD28,
SUPT20H,-1.4938215,0.7903405497985989,3947.0,autoimmune(down),True,new,,
MALT1,-1.4584794,0.6545619592346947,1639.0,autoimmune(down),True,new,,
CREBBP,-1.3318168,0.7772179692119202,2968.0,autoimmune(down),True,new,,
MAX,-1.2039694,0.768967764214673,2222.0,autoimmune(down),True,new,,
DENR,-1.1228849,0.6618632009796215,3636.0,autoimmune(down),True,new,,
TADA1,-1.0989381,0.7568535075498384,3648.0,autoimmune(down),True,new,,
ATAD5,-0.9720724,0.8108056221424453,3596.0,autoimmune(down),True,new,,
CLCC1,-0.9678552,0.7977929372410631,679.0,autoimmune(down),False,new,,
WAS,-0.96524596,0.6318559718892,494.0,autoimmune(down),False,new,,
SGF29,-0.9578998,0.8032226834532887,4047.0,autoimmune(down),True,new,,
TIA1,-0.95199174,0.5321862227363556,227.0,autoimmune(down),False,new,,
USP22,-0.93074447,0.6562887412559082,2380.0,autoimmune(down),True,new,,
MAP3K1,-0.8669937,0.671569198573053,89.0,autoimmune(down),False,new,,MAP3K1
KDM1A,-0.84044826,0.8413086680278441,2300.0,autoimmune(down),True,new,,
EIF4G2,-0.83067524,0.5289546289648879,2529.0,autoimmune(down),True,new,,
TRRAP,-0.78823566,0.5850330013988287,1256.0,autoimmune(down),False,new,,
UBIAD1,-0.7587329,0.6989180504211007,89.0,autoimmune(down),False,new,,
ATP2A2,-0.74591374,0.6509149721280454,3259.0,autoimmune(down),True,new,,
ALG8,-0.7396602,0.806493744708658,549.0,autoimmune(down),False,new,,
TAF13,-0.7134283,0.780039643438468,3341.0,autoimmune(down),True,new,,
MPI,-0.71062285,0.7206318485642088,2294.0,autoimmune(down),True,new,,
RFT1,-0.70924014,0.6303378584794412,427.0,autoimmune(down),False,new,,
KAT6A,-0.70159394,0.7354571529664156,505.0,autoimmune(down),False,new,,
PEX5,-0.6959878,0.5758597905053958,164.0,autoimmune(down),False,new,,
PAGR1,-0.6936835,0.829255672875478,560.0,autoimmune(down),False,new,,
BRK1,-0.6929313,0.7815232119590215,1276.0,autoimmune(down),False,new,,
NSD1,-0.6727532,0.6880691803200911,1993.0,autoimmune(down),True,new,,
WDR54,-0.6679295,0.8034139519387655,102.0,autoimmune(down),False,new,,
CD2,-0.6305145,0.7405574170567446,668.0,autoimmune(down),False,new,,
KAT2B,-0.625214,0.8173949743067203,25.0,autoimmune(down),False,new,,
ATXN7L3,-0.61419606,0.8012693240520472,1941.0,autoimmune(down),True,new,,
SP2,-0.59865993,0.7559063462260773,1670.0,autoimmune(down),True,new,,
CD6,-0.5776294,0.9955017349353268,21.0,autoimmune(down),False,new,,
TASOR,-0.5711383,0.7406633694569464,373.0,autoimmune(down),False,new,,
MAN2A1,-0.5689527,1.0,27.0,autoimmune(down),False,new,,
TRAF3,-0.5673993,0.7181614132656747,1625.0,autoimmune(down),False,new,,
TSC1,-0.5645542,0.9372588277692884,346.0,autoimmune(down),False,new,,
PAXIP1,-0.56233394,0.7922813700267566,991.0,autoimmune(down),False,new,,
ATP5MC1,-0.5534731,0.758094374768088,48.0,autoimmune(down),False,new,,
PDCD10,-0.54892856,0.9608492201371002,139.0,autoimmune(down),False,new,,
PGBD2,-0.5439155,0.961588528847526,34.0,autoimmune(down),False,new,,
ARNT,-0.5392804,0.8588807318983691,2642.0,autoimmune(down),True,new,,
ACTR2,-0.536179,0.5412873465008258,582.0,autoimmune(down),False,new,,
ALG6,-0.5302962,0.6923954060663041,259.0,autoimmune(down),False,new,,
TXNL1,-0.51699376,0.6040800077599325,200.0,autoimmune(down),False,new,,
NCKAP1L,-0.5126573,0.907715298289814,1358.0,autoimmune(down),False,new,,
ARPC3,-0.49036875,0.6988584074094408,905.0,autoimmune(down),False,new,,
DOCK2,-0.48985857,0.588990298275675,327.0,autoimmune(down),False,new,,
ATP2A3,-0.48194355,0.9959919801816114,79.0,autoimmune(down),False,new,,
PKM,-0.48156497,0.7716618966742046,1840.0,autoimmune(down),True,new,,
CYB5R4,-0.4792368,0.743782127616148,1674.0,autoimmune(down),True,new,,
THAP11,-0.46558496,0.716806323151731,1297.0,autoimmune(down),False,new,,
PPP1R12A,-0.45975757,0.7143918504465929,56.0,autoimmune(down),False,new,,
SPSB2,-0.4563746,0.7367008985772474,34.0,autoimmune(down),False,new,,
ZNF280D,-0.45074138,0.6264712539023388,145.0,autoimmune(down),False,new,,
STOM,-0.4487376,0.8991221984011366,93.0,autoimmune(down),False,new,,
COP1,-0.43596765,0.5093742734140131,212.0,autoimmune(down),False,new,,
RPE,-0.43156603,0.5752758626435353,116.0,autoimmune(down),False,new,,
SAMD1,-0.4245652,0.7169766717927759,484.0,autoimmune(down),False,new,,
RAC2,-0.42418647,0.8046219075385468,120.0,autoimmune(down),False,new,,
RMND5A,-0.42224997,0.9273858769734984,377.0,autoimmune(down),False,new,,
CYB561D2,-0.41912678,0.9881085938805204,87.0,autoimmune(down),False,new,,
TIAL1,-0.41646245,0.87089870482065,215.0,autoimmune(down),False,new,,
SIK2,-0.41599363,0.5787612052603901,37.0,autoimmune(down),False,new,,
RREB1,-0.41250116,0.6423897885581131,76.0,autoimmune(down),False,new,,
STAT3,-0.4117725,0.76413185894697,1369.0,autoimmune(down),False,new,,
BRPF1,-0.411137,0.7335277151942386,1787.0,autoimmune(down),True,new,,
DNTTIP1,-0.4069149,0.727957592113458,2724.0,autoimmune(down),True,new,,
RC3H1,-0.4062504,0.5090735900986953,168.0,autoimmune(down),False,new,,
ACTR5,-0.40598452,0.8060433462641932,584.0,autoimmune(down),False,new,,
WDR48,-0.39979878,0.7273662218796582,66.0,autoimmune(down),False,new,,
STAG1,-0.3983368,0.8276919553846335,38.0,autoimmune(down),False,new,,
MED23,-0.39732772,0.682312110489325,1011.0,autoimmune(down),False,new,,
RCOR1,-0.394397,0.8250015922568925,222.0,autoimmune(down),False,new,,
CCS,-0.39015135,0.5132221306577407,884.0,autoimmune(down),False,new,,
JADE2,-0.3893432,1.0,38.0,autoimmune(down),False,new,,
LAMTOR4,-0.38238505,0.993710027058884,333.0,autoimmune(down),False,new,,
COPS9,-0.37827748,0.8206293971135725,44.0,autoimmune(down),False,new,,
ARIH1,-0.36581355,0.7082355563470902,600.0,autoimmune(down),False,new,,
AHR,-0.3531472,0.8895268686458995,1776.0,autoimmune(down),True,new,,
SRSF10,-0.3485485,0.7102510200280445,1146.0,autoimmune(down),False,new,,
PCBP4,-0.34833482,0.5479728786607544,29.0,autoimmune(down),False,new,,
RFX1,-0.34715617,0.6517544884450395,293.0,autoimmune(down),False,new,,
IFNGR1,-0.3460037,0.8490406662968075,109.0,autoimmune(down),False,new,,
HDAC1,-0.3410037,0.7987504091504685,89.0,autoimmune(down),False,new,,
WDR82,-0.33930594,0.7545985720050191,1791.0,autoimmune(down),True,new,,
MTERF2,-0.336735,1.0,20.0,autoimmune(down),False,new,,
CAND1,-0.33456317,0.8795713235356828,1158.0,autoimmune(down),False,new,,
SHMT2,-0.32241803,0.984659661721431,22.0,autoimmune(down),False,new,,
FAM98A,-0.31714353,0.8843191187665286,27.0,autoimmune(down),False,new,,
KMT5B,-0.3074824,0.7574765661152869,781.0,autoimmune(down),False,new,,
INO80C,-0.3017669,0.5218086506331464,495.0,autoimmune(down),False,new,,
ZFYVE21,-0.29946527,0.6288227076163513,52.0,autoimmune(down),False,new,,
DIAPH1,-0.29832485,0.5968572994128448,24.0,autoimmune(down),False,new,,
NR4A3,-0.2958334,0.758558924567443,31.0,autoimmune(down),False,new,,
MTA2,-0.29373276,0.7104019827887414,1728.0,autoimmune(down),True,new,,
STYX,-0.29314363,0.8402261953800589,33.0,autoimmune(down),False,new,,
MLKL,-0.29245222,0.8349765467287427,36.0,autoimmune(down),False,new,,
L3MBTL2,-0.29145128,0.8355162183183725,364.0,autoimmune(down),False,new,,
WIZ,-0.28903756,0.6305169129244275,652.0,autoimmune(down),False,new,,
MEN1,-0.28659308,0.6251348453050405,1315.0,autoimmune(down),False,new,,
NARS2,-0.28134274,0.5092899097981457,31.0,autoimmune(down),False,new,,
ATP5F1A,-0.27349898,0.9108791421622368,96.0,autoimmune(down),False,new,,
GPATCH8,-0.27349442,0.6550102161274821,177.0,autoimmune(down),False,new,,
UBXN11,-0.26784632,0.7602129908026317,20.0,autoimmune(down),False,new,,
FOXN2,-0.26694268,0.7331559450138306,300.0,autoimmune(down),False,new,,
ZNF274,-0.2622796,0.9592055480649028,151.0,autoimmune(down),False,new,,
SEL1L,-0.2551818,0.5691319644613161,936.0,autoimmune(down),False,new,,
ZMYND8,-0.25163895,0.9878848262417584,54.0,autoimmune(down),False,new,,
LPCAT3,-0.2492906,0.665690158423973,61.0,autoimmune(down),False,new,,
RALGAPB,-0.24733232,1.0,23.0,autoimmune(down),False,new,,
SAC3D1,-0.2448754,1.0,36.0,autoimmune(down),False,new,,
FAAP24,-0.24429825,0.6494879446990627,35.0,autoimmune(down),False,new,,
VHL,-0.2436621,0.8562163327969894,216.0,autoimmune(down),False,new,,
CAVIN3,-0.24324404,1.0,25.0,autoimmune(down),False,new,,
XBP1,-0.2428537,0.7064993136974017,237.0,autoimmune(down),False,new,,
ZNF644,-0.24045363,0.7526945314320326,274.0,autoimmune(down),False,new,,
ABCA5,-0.23217112,0.704375540298413,32.0,autoimmune(down),False,new,,
DYRK3,-0.23076221,0.6869384578379354,20.0,autoimmune(down),False,new,,
INTS10,-0.227304,0.658539680817007,1453.0,autoimmune(down),False,new,,
STIP1,-0.22729735,0.8982865804803747,1007.0,autoimmune(down),False,new,,
CDKN2AIP,-0.22615172,0.7782296206807471,101.0,autoimmune(down),False,new,,
AAGAB,-0.2258939,0.8464385508186629,33.0,autoimmune(down),False,new,,
ATRX,-0.2172269,0.7280750642792191,830.0,autoimmune(down),False,new,,
CGGBP1,-0.2170934,0.5503450636387408,24.0,autoimmune(down),False,new,,
FOSL2,-0.21683818,0.9233805082061768,50.0,autoimmune(down),False,new,,
CHD4,-0.21217994,0.6850557361471133,1516.0,autoimmune(down),False,new,,
ESRRA,-0.21110672,0.8426679884012619,20.0,autoimmune(down),False,new,,
TBRG1,-0.21040133,0.574416822899708,24.0,autoimmune(down),False,new,,
PCGF1,-0.21020207,0.7669416468705201,947.0,autoimmune(down),False,new,,
SIK3,-0.20938575,0.6027025167707275,478.0,autoimmune(down),False,new,,
SETD1B,-0.20558068,0.8231112512247757,218.0,autoimmune(down),False,new,,
ARHGAP45,-0.20293638,0.9951592564868416,49.0,autoimmune(down),False,new,,
CAPZA1,-0.19727184,0.5719077551188216,54.0,autoimmune(down),False,new,,
NKTR,-0.19420463,0.9490470782099596,36.0,autoimmune(down),False,new,,
DHX36,-0.19370008,0.6565603585553592,1808.0,autoimmune(down),True,new,,
AIP,-0.19253276,0.6062748897028079,302.0,autoimmune(down),False,new,,
APPBP2,-0.19000833,0.5545168594740972,23.0,autoimmune(down),False,new,,
N6AMT1,-0.18703878,0.5892218161827527,269.0,autoimmune(down),False,new,,
BRD7,-0.18617798,0.9031552281824888,44.0,autoimmune(down),False,new,,
SLC10A7,-0.18583396,0.7593979579364516,22.0,autoimmune(down),False,new,,
PDS5B,-0.18556887,0.956603129594988,58.0,autoimmune(down),False,new,,
KDM3B,-0.18548769,0.619164057528546,139.0,autoimmune(down),False,new,,
WASL,-0.18543898,0.9473845755508932,49.0,autoimmune(down),False,new,,
SLC27A5,-0.18518743,0.6844556218215404,21.0,autoimmune(down),False,new,,
TMED2,-0.18393585,0.736928105361782,158.0,autoimmune(down),False,new,,
STT3A,-0.18365677,0.6490202060032118,45.0,autoimmune(down),False,new,,
ZNF384,-0.18328224,1.0,35.0,autoimmune(down),False,new,,
CBX3,-0.1829518,0.9248228773067256,96.0,autoimmune(down),False,new,,
UBR5,-0.17898802,0.7476362306549829,1705.0,autoimmune(down),True,new,,
PHF3,-0.178717,0.6572084903980372,80.0,autoimmune(down),False,new,,
HEXIM1,-0.17706959,0.6063566989348825,247.0,autoimmune(down),False,new,,
SLC30A1,-0.17434528,0.9730214333646052,20.0,autoimmune(down),False,new,,
CFAP20,-0.1719,0.6331719443437569,862.0,autoimmune(down),False,new,,
DHX30,-0.1711773,1.0,25.0,autoimmune(down),False,new,,
CDK13,-0.16645163,0.7407508582687625,671.0,autoimmune(down),False,new,,
HNRNPA2B1,-0.16494144,0.7534354395701954,379.0,autoimmune(down),False,new,,
ODC1,-0.16214867,0.5612378474581539,33.0,autoimmune(down),False,new,,
STAT2,-0.16068172,0.7102784405691452,32.0,autoimmune(down),False,new,,
RAP2A,-0.15916748,0.5578995749693584,72.0,autoimmune(down),False,new,,
SLK,-0.1588068,0.6115363657068641,35.0,autoimmune(down),False,new,,
RNF8,-0.15494946,0.9873955090008504,25.0,autoimmune(down),False,new,,
BRAT1,-0.15447572,0.9954925933740262,20.0,autoimmune(down),False,new,,
WASF2,-0.15053484,1.0,41.0,autoimmune(down),False,new,,
ELOC,-0.14843331,0.5228782336319376,262.0,autoimmune(down),False,new,,
AIFM1,-0.14733918,0.7626370395324693,57.0,autoimmune(down),False,new,,
GMEB1,-0.1450823,0.748723662018546,650.0,autoimmune(down),False,new,,
POLE4,-0.13968132,0.5625523463540222,21.0,autoimmune(down),False,new,,
PRKD2,-0.13942264,0.8532520741835257,52.0,autoimmune(down),False,new,,
SIN3A,-0.13896315,0.8629654967637714,31.0,autoimmune(down),False,new,,
WDR59,-0.13859107,0.5531082174594564,957.0,autoimmune(down),False,new,,
FOXO1,-0.13243265,0.5130153513221318,846.0,autoimmune(down),False,new,,
SPOP,-0.13158298,0.8644297042108966,53.0,autoimmune(down),False,new,,
ITGAL,-0.13117525,0.5535789786466446,42.0,autoimmune(down),False,new,,
NR2C2,-0.1209808,0.5363578435883413,262.0,autoimmune(down),False,new,,
TEP1,-0.11580188,0.5502567355190512,191.0,autoimmune(down),False,new,,
GAB2,-0.11345686,1.0,22.0,autoimmune(down),False,new,,
UBR4,-0.103719935,0.7877992261236347,584.0,autoimmune(down),False,new,,
CRLS1,-0.10061417,0.8323749185216905,49.0,autoimmune(down),False,new,,
RRAGC,-0.09902226,0.5262792920171869,87.0,autoimmune(down),False,new,,
TM9SF3,-0.095787756,0.5947141722228665,50.0,autoimmune(down),False,new,,
RPRD2,-0.09436483,0.7472153230428858,1822.0,autoimmune(down),True,new,,
CELF2,-0.094028436,0.9869275328464856,27.0,autoimmune(down),False,new,,
CASC3,-0.09225237,0.55683945397131,1430.0,autoimmune(down),False,new,,
TFAP4,-0.0913126,0.8291545662319871,198.0,autoimmune(down),False,new,,
MCM8,-0.090004146,0.737619319023777,216.0,autoimmune(down),False,new,,
PGAM1,-0.08988139,0.7245988418796208,171.0,autoimmune(down),False,new,,
JAK2,-0.087432876,0.5118748253779544,33.0,autoimmune(down),False,new,,
VARS2,-0.08402261,0.6144886999476483,783.0,autoimmune(down),False,new,,
TATDN2,-0.08295083,0.8831933098228619,52.0,autoimmune(down),False,new,,
CBX5,-0.08086808,0.9268679243945098,232.0,autoimmune(down),False,new,,
PPCS,-0.08013277,0.5938501081292913,791.0,autoimmune(down),False,new,,
DHX9,-0.079217345,0.8483803056094747,66.0,autoimmune(down),False,new,,
PCYT2,-0.07386514,0.5334169355690859,723.0,autoimmune(down),False,new,,
JUNB,-0.07200383,0.9181224337394198,101.0,autoimmune(down),False,new,,
KDM2A,-0.07025655,0.7672531851109138,314.0,autoimmune(down),False,new,,
PTPA,-0.07025613,0.8621619828577728,291.0,autoimmune(down),False,new,,
UXS1,-0.06911954,0.5775570384484556,27.0,autoimmune(down),False,new,,
TPK1,-0.06739967,0.6576715167051337,35.0,autoimmune(down),False,new,,
DNAJC24,-0.06271607,0.6683287224859852,441.0,autoimmune(down),False,new,,
ADNP,-0.05749875,0.828129671049873,49.0,autoimmune(down),False,new,,
MIPEP,-0.057390198,0.9563296943422072,413.0,autoimmune(down),False,new,,
EGLN1,-0.054328356,0.8904029362083042,107.0,autoimmune(down),False,new,,
CHTF18,-0.053460747,0.5259907474428227,85.0,autoimmune(down),False,new,,
LARS2,-0.052920595,0.7488731946424181,812.0,autoimmune(down),False,new,,
FBXW7,-0.050941102,0.7857656343093387,191.0,autoimmune(down),False,new,,
PKNOX1,-0.050750144,0.5994545297284984,264.0,autoimmune(down),False,new,,
RNF20,-0.049241003,0.5923008860709797,627.0,autoimmune(down),False,new,,
UQCRC2,-0.047342524,0.5581809576817007,176.0,autoimmune(down),False,new,,
TMEM131L,-0.04538575,0.8136768577724451,203.0,autoimmune(down),False,new,,
SMG7,-0.03969747,0.5542136841595593,1764.0,autoimmune(down),True,new,,
P4HB,-0.03633998,0.6550416014404693,88.0,autoimmune(down),False,new,,
ZC3H12A,-0.031276412,0.6434145491875161,260.0,autoimmune(down),False,new,,
MECR,-0.028935239,0.9177940110986714,27.0,autoimmune(down),False,new,,
ATXN2L,-0.026492052,0.5616535852201996,119.0,autoimmune(down),False,new,,
ZNF14,-0.025357611,0.5417711261265842,26.0,autoimmune(down),False,new,,
RAB2B,-0.025127303,1.0,28.0,autoimmune(down),False,new,,
HSPA14,-0.02389443,0.5142088891168916,108.0,autoimmune(down),False,new,,
C1D,-0.022337765,0.5760675282429796,959.0,autoimmune(down),False,new,,
LEO1,-0.020701323,0.6504367067893764,2663.0,autoimmune(down),True,new,,
EIF1,-0.020574175,0.8426971934731203,731.0,autoimmune(down),False,new,,
AVEN,-0.018998004,0.7873429664399334,156.0,autoimmune(down),False,new,,
WRN,-0.018526219,0.5563063995425068,30.0,autoimmune(down),False,new,,
HMGXB3,-0.017754074,0.6131727962340782,87.0,autoimmune(down),False,new,,
CCDC134,-0.017045472,0.759635776974058,31.0,autoimmune(down),False,new,,
EMC4,-0.015890647,1.0,38.0,autoimmune(down),False,new,,
TADA2A,-0.012621494,0.6265356917944315,52.0,autoimmune(down),False,new,,
ENTR1,-0.012431119,0.9358380723802144,22.0,autoimmune(down),False,new,,
ACLY,-0.011199638,0.7011820157982187,1320.0,autoimmune(down),False,new,,
EHMT2,-0.010488316,0.8408026309799179,1177.0,autoimmune(down),False,new,,
MORF4L1,-0.009998195,0.85506903516479,220.0,autoimmune(down),False,new,,
SDC4,-0.009585591,0.7178249638179952,22.0,autoimmune(down),False,new,,
ZBTB48,-0.005669963,0.9103588716291318,25.0,autoimmune(down),False,new,,
CEP43,-0.0056157634,0.6570421722179025,228.0,autoimmune(down),False,new,,
SUPV3L1,-0.005449157,0.5970809177265726,43.0,autoimmune(down),False,new,,
TASP1,-0.0052115954,0.9958303220742798,34.0,autoimmune(down),False,new,,
GPAA1,-0.0045835674,0.6439054677198393,176.0,autoimmune(down),False,new,,
UBE3D,-0.0017009526,0.6301612217390562,349.0,autoimmune(down),False,new,,
HAPSTR1,9.357929e-06,0.8703646948047973,432.0,anti-tumor(up),False,new,,
GPI,0.0005762167,0.7314156779811527,954.0,anti-tumor(up),False,new,,
RELA,0.00084894896,0.7294759680048241,105.0,anti-tumor(up),False,new,,
TRAPPC13,0.0011373535,0.9808500786391922,125.0,anti-tumor(up),False,new,,
ZNF622,0.002061678,0.525421365265202,21.0,anti-tumor(up),False,new,,
HNRNPR,0.0028739348,0.7822214281583574,23.0,anti-tumor(up),False,new,,
SRSF6,0.0062436536,1.0,52.0,anti-tumor(up),False,new,,
TMED10,0.0075074113,0.5801874575742068,615.0,anti-tumor(up),False,new,,
CLDND2,0.009704679,0.7275262903466214,43.0,anti-tumor(up),False,new,,
CMAS,0.010055428,0.6582449523640862,61.0,anti-tumor(up),False,new,,
TMEM167A,0.015289642,0.9365522420915656,204.0,anti-tumor(up),False,new,,
RAD51B,0.015444972,0.8513788949764326,36.0,anti-tumor(up),False,new,,
ERCC1,0.015558504,0.5737561040456899,235.0,anti-tumor(up),False,new,,
KDELR2,0.0156164095,0.6082540562874912,40.0,anti-tumor(up),False,new,,
ZNF200,0.021090075,0.7422445947903928,53.0,anti-tumor(up),False,new,,
BCOR,0.022207402,0.6175414041127187,41.0,anti-tumor(up),False,new,,
VEZF1,0.022914171,0.9828010118932766,41.0,anti-tumor(up),False,new,,
EPC1,0.024401203,0.8570617491860192,443.0,anti-tumor(up),False,new,,
L3MBTL3,0.026892863,0.916978737294916,34.0,anti-tumor(up),False,new,,
KMT2E,0.027286254,0.5493952404520162,303.0,anti-tumor(up),False,new,,
DPH5,0.028334469,0.8016276755482848,683.0,anti-tumor(up),False,new,,
L2HGDH,0.02932202,0.7421640129208029,112.0,anti-tumor(up),False,new,,
PPP4C,0.030530363,0.7269601347432751,171.0,anti-tumor(up),False,new,,
BCLAF1,0.030791625,0.9624655672845162,106.0,anti-tumor(up),False,new,,
APMAP,0.03126152,0.5217028426877934,39.0,anti-tumor(up),False,new,,
BLOC1S2,0.03564921,1.0,44.0,anti-tumor(up),False,new,,
TMEM126B,0.036149647,0.9409993771496056,49.0,anti-tumor(up),False,new,,
DDI2,0.03654155,0.6594609437773794,22.0,anti-tumor(up),False,new,,
RIPK1,0.03664502,0.9143632746645264,240.0,anti-tumor(up),False,new,,
OGT,0.037287295,0.7794955891129831,93.0,anti-tumor(up),False,new,,
CBL,0.037396915,0.6488097221582497,23.0,anti-tumor(up),False,new,,
SMG8,0.03867881,0.8632091348170636,755.0,anti-tumor(up),False,new,,
KDM5C,0.0402464,0.8945419964586873,114.0,anti-tumor(up),False,new,,
CDK2,0.04061359,0.9162626086906508,57.0,anti-tumor(up),False,new,,
STK11,0.041510493,0.5066915855377072,1170.0,anti-tumor(up),False,new,,
PHF20L1,0.04575228,0.9851319118810494,69.0,anti-tumor(up),False,new,,
SMAP2,0.04699722,0.6358418445581328,46.0,anti-tumor(up),False,new,,
KDELR1,0.048921965,0.9070350078252644,24.0,anti-tumor(up),False,new,,
LAGE3,0.04923843,0.5356689397326277,187.0,anti-tumor(up),False,new,,
LRPPRC,0.051050864,0.8177989712725822,770.0,anti-tumor(up),False,new,,
THRAP3,0.052363377,0.772684863245769,835.0,anti-tumor(up),False,new,,
RBM26,0.05381137,1.0,20.0,anti-tumor(up),False,new,,
DNAAF2,0.055599786,0.6032272269606873,200.0,anti-tumor(up),False,new,,
PHF12,0.058019273,0.6959178142819661,325.0,anti-tumor(up),False,new,,
ZNF710,0.059473474,0.7520208240284791,249.0,anti-tumor(up),False,new,,
SP1,0.061606787,0.8735437486057472,221.0,anti-tumor(up),False,new,,
IL4R,0.062365063,0.7948626471277759,239.0,anti-tumor(up),False,new,,
ITPK1,0.063158,0.5575802120977006,89.0,anti-tumor(up),False,new,,
TBPL1,0.06817981,0.5989868470443176,25.0,anti-tumor(up),False,new,,
IFNAR2,0.068228625,0.8132834985855013,20.0,anti-tumor(up),False,new,,
GLS,0.06938763,0.7158359607270318,319.0,anti-tumor(up),False,new,,
SEC22A,0.06987523,0.938813849195212,30.0,anti-tumor(up),False,new,,
MTHFD1,0.07280303,0.7362908876614072,91.0,anti-tumor(up),False,new,,
INO80B,0.0735704,0.821773546899252,427.0,anti-tumor(up),False,new,,
PPRC1,0.075475104,0.7509732952477951,39.0,anti-tumor(up),False,new,,
SSR3,0.079238534,0.9988134280700172,30.0,anti-tumor(up),False,new,,
RAB10,0.08008589,0.6369322981993117,23.0,anti-tumor(up),False,new,,
GALNT6,0.081666805,0.6677130069711109,38.0,anti-tumor(up),False,new,,
RARA,0.0825806,0.7512679311699242,20.0,anti-tumor(up),False,new,,
TRIM25,0.08535568,0.8802231365714877,49.0,anti-tumor(up),False,new,,
COQ6,0.086808115,0.5994592289459708,228.0,anti-tumor(up),False,new,,
DNAJC21,0.08800265,0.5652650309723469,132.0,anti-tumor(up),False,new,,
CALHM6,0.08837409,0.6635587078156213,24.0,anti-tumor(up),False,new,,
FBXO42,0.0895941,0.999655629032219,98.0,anti-tumor(up),False,new,,
SOD2,0.08980058,0.9918011524654,72.0,anti-tumor(up),False,new,,
BAHD1,0.09290493,0.8732325018502739,95.0,anti-tumor(up),False,new,,
ARHGAP30,0.09321357,1.0,298.0,anti-tumor(up),False,new,,
TWNK,0.094476834,1.0,218.0,anti-tumor(up),False,new,,
ALDH18A1,0.0958451,0.8230334465053483,174.0,anti-tumor(up),False,new,,
FIGNL1,0.10010076,0.5240586668041377,26.0,anti-tumor(up),False,new,,
BATF,0.102563486,0.738566503503424,659.0,anti-tumor(up),False,new,,
CSDE1,0.102801695,0.5201539174103554,1052.0,anti-tumor(up),False,new,,
SLC25A3,0.10322971,0.5163892971612971,25.0,anti-tumor(up),False,new,,
SIN3B,0.10439604,0.6204613545459927,1577.0,anti-tumor(up),False,new,,
PDSS1,0.105140686,0.8448683716430909,384.0,anti-tumor(up),False,new,,
RFXANK,0.10521023,0.7776588998728323,41.0,anti-tumor(up),False,new,,
SSR2,0.10613065,0.9952940832060844,49.0,anti-tumor(up),False,new,,
ZRSR2,0.110200286,0.6110913201764981,423.0,anti-tumor(up),False,new,,
ZNF292,0.11301256,0.6667113592424502,25.0,anti-tumor(up),False,new,,
PRR12,0.11616315,0.6945502063942329,24.0,anti-tumor(up),False,new,,
TXNIP,0.11720684,0.5518869938604447,47.0,anti-tumor(up),False,new,,
MEF2D,0.1192393,0.6118711786674527,42.0,anti-tumor(up),False,new,,
CREB1,0.121036954,0.815048746464075,435.0,anti-tumor(up),False,new,,
UGDH,0.1228123,0.6462473425287399,193.0,anti-tumor(up),False,new,,
CCNE1,0.12413081,0.7070664484993612,44.0,anti-tumor(up),False,new,,
JOSD2,0.12451466,0.5265829671422759,22.0,anti-tumor(up),False,new,,
DDX17,0.12565555,0.8194808706541451,762.0,anti-tumor(up),False,new,,
PMVK,0.12751749,1.0,87.0,anti-tumor(up),False,new,,
OXA1L,0.1290824,0.91381220743797,113.0,anti-tumor(up),False,new,,
MYSM1,0.13087012,0.96233023353136,37.0,anti-tumor(up),False,new,,
METTL1,0.1313028,0.6971067841011801,1046.0,anti-tumor(up),False,new,,
COA3,0.1326517,0.6440705539960108,252.0,anti-tumor(up),False,new,,
SETDB1,0.13403216,0.9055094515437044,1308.0,anti-tumor(up),False,new,,
BRD1,0.13606787,0.5314411818502647,291.0,anti-tumor(up),False,new,,
POLG,0.13670306,0.5643392663548804,265.0,anti-tumor(up),False,new,,
COQ5,0.13819967,0.9993818171713336,38.0,anti-tumor(up),False,new,,
OTUD1,0.13838552,0.5543672002218891,320.0,anti-tumor(up),False,new,,
ITGB2,0.13924749,1.0,122.0,anti-tumor(up),False,new,,
PNRC2,0.14207247,0.919307089767748,22.0,anti-tumor(up),False,new,,
GABPB1,0.14375836,0.7057991625595259,1581.0,anti-tumor(up),False,new,,
GADD45GIP1,0.14472413,0.9800607899480216,69.0,anti-tumor(up),False,new,,
EARS2,0.1447301,0.5628274531968255,276.0,anti-tumor(up),False,new,,
PPM1D,0.14641547,0.6197217862019611,139.0,anti-tumor(up),False,new,,
NUDT16,0.14789069,0.8837385369414482,27.0,anti-tumor(up),False,new,,
ELK1,0.14978424,0.6827181516276326,29.0,anti-tumor(up),False,new,,
KEAP1,0.15319589,0.8203625342023424,219.0,anti-tumor(up),False,new,,
ZC3H14,0.15377663,0.7949368732709352,25.0,anti-tumor(up),False,new,,
RELT,0.15550067,0.8395444289928826,35.0,anti-tumor(up),False,new,,
ANKRD10,0.15654552,0.6713060703917938,33.0,anti-tumor(up),False,new,,
UQCRB,0.1572386,0.9142850510366336,439.0,anti-tumor(up),False,new,,
URM1,0.15741625,0.8210950928049318,437.0,anti-tumor(up),False,new,,
PCGF6,0.15805344,0.8840603441345061,53.0,anti-tumor(up),False,new,,
NSUN4,0.15865938,0.5578138554273508,108.0,anti-tumor(up),False,new,,
MLST8,0.15907827,0.8895624782679623,130.0,anti-tumor(up),False,new,,
ASXL1,0.15999475,0.8328767723066164,41.0,anti-tumor(up),False,new,,
INTS6,0.16231354,0.99416068509789,43.0,anti-tumor(up),False,new,,
SMAD4,0.1625431,1.0,24.0,anti-tumor(up),False,new,,
CCNF,0.16296488,0.9743701521077311,124.0,anti-tumor(up),False,new,,
FUBP1,0.1645604,0.6569200954621119,1192.0,anti-tumor(up),False,new,,
PRRC2A,0.16608965,0.8035817304819908,121.0,anti-tumor(up),False,new,,
MMGT1,0.16678712,0.8704778053485022,64.0,anti-tumor(up),False,new,,
SLC25A51,0.1696533,0.884341017688725,67.0,anti-tumor(up),False,new,,
ERN1,0.16976978,0.5520090056852428,116.0,anti-tumor(up),False,new,,
PPP1R11,0.17263405,0.5511894362859118,902.0,anti-tumor(up),False,new,,
EEF1E1,0.1738682,0.9947813805278148,30.0,anti-tumor(up),False,new,,
DPH6,0.1771226,0.9944618734154408,156.0,anti-tumor(up),False,new,,
IFNGR2,0.17718922,0.9165689790593994,69.0,anti-tumor(up),False,new,,
COX17,0.17776881,0.7586505763828674,89.0,anti-tumor(up),False,new,,
BTAF1,0.17858312,0.8051053272617703,1492.0,anti-tumor(up),False,new,,
SIRT6,0.17956406,0.994795402610002,43.0,anti-tumor(up),False,new,,
CNOT4,0.18053508,0.5989291482242811,504.0,anti-tumor(up),False,new,,
RBM5,0.18080862,0.8775898603932172,167.0,anti-tumor(up),False,new,,
ZC3H4,0.1875522,0.7198566866228835,276.0,anti-tumor(up),False,new,,
YIPF3,0.18792629,0.8569581351118619,27.0,anti-tumor(up),False,new,,
YY1,0.18867172,0.508157675338459,960.0,anti-tumor(up),False,new,,
SRRD,0.18921557,0.9723240656401668,132.0,anti-tumor(up),False,new,,
NAB2,0.18938008,0.754667207338076,301.0,anti-tumor(up),False,new,,
TET2,0.19069919,1.0,57.0,anti-tumor(up),False,new,,
MBIP,0.19114625,0.6465723307345225,85.0,anti-tumor(up),False,new,,
GTF2A1,0.19876537,0.7762982005634464,29.0,anti-tumor(up),False,new,,
TFAM,0.19904941,0.8826312496351341,817.0,anti-tumor(up),False,new,,
NFRKB,0.19959554,0.8304166679462943,2891.0,anti-tumor(up),True,new,,
UQCC1,0.1996316,0.5468985497845458,152.0,anti-tumor(up),False,new,,
SUCLG1,0.20333034,0.9766231947488656,109.0,anti-tumor(up),False,new,,
RASA2,0.20345443,0.5572798896563451,249.0,anti-tumor(up),False,brake,,
PRDM15,0.20781204,0.7876560737278511,60.0,anti-tumor(up),False,new,,
ZEB1,0.21156223,0.9441753656498744,215.0,anti-tumor(up),False,new,,
IMPDH2,0.21227658,0.6757156042687659,526.0,anti-tumor(up),False,new,,
DUSP4,0.2156724,0.6644635721169584,55.0,anti-tumor(up),False,new,,
HPF1,0.21790619,0.864107471110919,58.0,anti-tumor(up),False,new,,
TNFRSF9,0.21923754,0.7870724657154734,24.0,anti-tumor(up),False,new,,
TRMT61A,0.21997416,0.8398171734132803,240.0,anti-tumor(up),False,new,,
DPM2,0.22021069,0.6480320758527445,57.0,anti-tumor(up),False,new,,
STAT6,0.22115138,0.5034141531014225,232.0,anti-tumor(up),False,new,,
FAM20B,0.22354557,0.8211983273445397,188.0,anti-tumor(up),False,new,,
HNRNPD,0.22559875,0.7576099733265534,164.0,anti-tumor(up),False,new,,
FBXO11,0.22680806,0.9627959338887532,112.0,anti-tumor(up),False,new,,
PAK2,0.23000282,0.9588474664287944,97.0,anti-tumor(up),False,new,,
MIGA2,0.23503928,0.5711942328714565,30.0,anti-tumor(up),False,new,,
UBE2E1,0.23790471,0.9300538267394862,26.0,anti-tumor(up),False,new,,
CCND2,0.23904325,0.6881164136365263,1320.0,anti-tumor(up),False,new,,
TSTD2,0.2417818,0.6208320586546825,461.0,anti-tumor(up),False,new,,
MDM4,0.2438598,0.9843608744121588,38.0,anti-tumor(up),False,new,,
LSM14A,0.24628326,0.5828921184447936,21.0,anti-tumor(up),False,new,,
MIDN,0.2547123,0.9978028732154336,58.0,anti-tumor(up),False,new,,
IFNAR1,0.25501812,0.7058540002585071,56.0,anti-tumor(up),False,new,,
PTPN2,0.2552655,0.8634768845774594,101.0,anti-tumor(up),False,brake,,
MAMLD1,0.256073,0.7696690412695399,40.0,anti-tumor(up),False,new,,
GNLY,0.2570134,0.9280018535814644,45.0,anti-tumor(up),False,new,,
CTNNB1,0.25710648,0.9669097898290864,23.0,anti-tumor(up),False,new,,
TARS2,0.2573064,0.566694587770147,1823.0,anti-tumor(up),True,new,,
MGA,0.25841874,0.7447481471823989,130.0,anti-tumor(up),False,new,,
WAC,0.25847346,0.8109565064643539,2475.0,anti-tumor(up),True,new,,
CSNK2A1,0.25874987,0.8124334496580041,138.0,anti-tumor(up),False,new,,
SDHAF4,0.260279,1.0,60.0,anti-tumor(up),False,new,,
ZBTB21,0.2659909,0.9237027977074648,40.0,anti-tumor(up),False,new,,
MTHFD1L,0.26631695,0.5453475930767494,30.0,anti-tumor(up),False,new,,
TWF1,0.27942792,0.9865451723569983,116.0,anti-tumor(up),False,new,,
HSP90AB1,0.28370315,0.936910925756004,29.0,anti-tumor(up),False,new,,
PTEN,0.28762218,0.7985491589654896,1638.0,anti-tumor(up),True,new,,
SMARCD2,0.28857183,1.0,23.0,anti-tumor(up),False,new,,
SMG9,0.2938294,0.7278398006742214,940.0,anti-tumor(up),False,new,,
COA7,0.29943907,0.5761803116510367,199.0,anti-tumor(up),False,new,,
ATF4,0.3001887,0.5293395402215982,1061.0,anti-tumor(up),False,new,,
R3HCC1L,0.30796608,0.6205938480953026,119.0,anti-tumor(up),False,new,,
SLC6A6,0.30982652,0.6396305466261076,24.0,anti-tumor(up),False,new,,
CTDSPL2,0.31012884,0.926884602217312,477.0,anti-tumor(up),False,new,,
PARS2,0.31044078,0.7351024787763478,650.0,anti-tumor(up),False,new,,
STK35,0.31301913,1.0,33.0,anti-tumor(up),False,new,,
RIDA,0.31832302,0.6943833067923998,372.0,anti-tumor(up),False,new,,
CNBP,0.32423115,0.926283887402444,261.0,anti-tumor(up),False,new,,
COX6B1,0.32591182,0.803270854856306,130.0,anti-tumor(up),False,new,,
FANCD2,0.33021715,0.5749220038627545,83.0,anti-tumor(up),False,new,,
UFM1,0.3363441,0.7201495835497743,2278.0,anti-tumor(up),True,new,,
GATA3,0.33781552,0.7814674549497798,1238.0,anti-tumor(up),False,new,,
COX6C,0.34380594,0.762585696813645,1493.0,anti-tumor(up),False,new,,
SS18,0.3443013,0.8276917316601067,24.0,anti-tumor(up),False,new,,
TNPO1,0.3458372,0.6841407927007963,768.0,anti-tumor(up),False,new,,
HDAC8,0.34744072,0.5344568929657316,24.0,anti-tumor(up),False,new,,
CUL4B,0.35074496,1.0,98.0,anti-tumor(up),False,new,,
RTRAF,0.36624616,0.7206254960247045,2286.0,anti-tumor(up),True,new,,
PDIA6,0.3705856,0.8825775710831091,150.0,anti-tumor(up),False,new,,
SEC14L1,0.37497762,0.5815059958520312,645.0,anti-tumor(up),False,new,,
TFG,0.37621608,0.7794499270729109,433.0,anti-tumor(up),False,new,,
MRTFB,0.3775275,0.588603692945775,26.0,anti-tumor(up),False,new,,
DHPS,0.37943232,0.5721631049195919,373.0,anti-tumor(up),False,new,,
PPP1R13L,0.38241255,0.8370418715523731,376.0,anti-tumor(up),False,new,,
EGR2,0.38428965,0.7981256775965018,854.0,anti-tumor(up),False,new,,
PNPT1,0.3902045,0.6334701516448699,1237.0,anti-tumor(up),False,new,,
DCP1A,0.39087397,0.9232737965183364,21.0,anti-tumor(up),False,new,,
MAP4K1,0.39534664,0.629007406819717,93.0,anti-tumor(up),False,new,,
RBPJ,0.40870813,0.9981483303089124,56.0,anti-tumor(up),False,new,,
YEATS2,0.42613518,0.5462694119527325,504.0,anti-tumor(up),False,new,,
ELAVL1,0.4389922,0.826668574655101,2169.0,anti-tumor(up),True,new,,
YTHDF2,0.43902785,0.5769546319877474,1483.0,anti-tumor(up),False,new,,
RBM27,0.4434457,0.6182915372899507,725.0,anti-tumor(up),False,new,,
ADNP2,0.45080566,0.8967233452815963,91.0,anti-tumor(up),False,new,,
MTF2,0.4511091,1.0,28.0,anti-tumor(up),False,new,,
MBTPS1,0.45123675,0.9226325557027636,279.0,anti-tumor(up),False,new,,
PRPF39,0.45406806,0.5767130535911927,325.0,anti-tumor(up),False,new,,
ELP1,0.46586248,0.6225862547998042,827.0,anti-tumor(up),False,new,,
SMS,0.47590706,0.5994832218127923,52.0,anti-tumor(up),False,new,,
KTI12,0.483043,0.7881544603373495,825.0,anti-tumor(up),False,new,,
PAN3,0.48582575,0.9935637214735488,184.0,anti-tumor(up),False,new,,
SNRPB2,0.51112694,0.8921593402203679,153.0,anti-tumor(up),False,new,,
TRIP12,0.5134952,0.8427670916760979,1829.0,anti-tumor(up),True,new,,
MED15,0.5143139,0.8132022242223589,2050.0,anti-tumor(up),True,new,,
PDSS2,0.5148176,0.6777453523447162,2226.0,anti-tumor(up),True,new,,
PUM1,0.52371675,0.9986077467457726,226.0,anti-tumor(up),False,new,,
C2CD5,0.5322217,0.8083412442508281,60.0,anti-tumor(up),False,new,,
SLC4A7,0.5519287,0.5952819144719366,45.0,anti-tumor(up),False,new,,
RSBN1L,0.5539019,1.0,178.0,anti-tumor(up),False,new,,RSBN1L
COX15,0.55585885,0.7204424741180265,97.0,anti-tumor(up),False,new,,
PPIH,0.5928757,0.6585425379606276,876.0,anti-tumor(up),False,new,,
FAM98B,0.6009526,0.9125203860460308,904.0,anti-tumor(up),False,new,,
ELP3,0.61891586,0.7485164205340118,995.0,anti-tumor(up),False,new,,
TRIT1,0.66277486,0.8333115445560579,42.0,anti-tumor(up),False,new,,
CBLB,0.7247188,0.920666011820015,1027.0,anti-tumor(up),False,brake,CBLB,
BHLHE40,0.9673852,0.8058981899388852,1996.0,anti-tumor(up),True,new,,
PDCL,0.9743226,0.8479136027051191,1271.0,anti-tumor(up),False,new,,
